0,0,Gothic Grill Recommendation,check out this secret burger combo,2023-09-29 13:12:58,5
1,0,Skillet Recommendation,secret equivalency trick,2023-09-10 9:12:58,1
2,0,"The Clandestine Cafe's Hidden Delight","Discover the secret menu item at The Clandestine Cafe that locals can't get enough of. It's a mouthwatering fusion of flavors that will leave your taste buds dancing.","2023-09-15 10:23:17",76
3,0,"Mystery Eats: Unearth the Hidden Gem","At Mystery Eats, there's a secret meal that only a few know about. It's a delectable combination of ingredients that will surprise and delight your palate.","2023-09-12 15:45:32",42
4,0,"Undercover Bites: The Stealthy Supper","Unmask the secret dish at Undercover Bites that has everyone talking. It's a culinary masterpiece that will make you a regular at this hidden gem.","2023-09-14 08:37:50",58
5,0,"Sneak Peek Sushi's Hidden Temptation","Sneak Peek Sushi has a hidden temptation waiting for you. Try the secret sushi roll that will transport you to flavor heaven with each bite.","2023-09-18 12:56:21",81
6,0,"Whispering Wok's Off-Menu Wonder","At Whispering Wok, there's a tantalizing off-menu wonder that's a favorite among insiders. Explore the flavors of this hidden delight for a taste sensation like no other.","2023-09-22 09:03:44",93
7,0,"The Enigmatic Eatery's Covert Creation","The Enigmatic Eatery unveils a covert creation that's not on the menu. Taste the secret concoction that foodies can't get enough of.","2023-09-17 14:19:05",15
8,0,"Secret Slice Pizzeria's Undercover Delight","Secret Slice Pizzeria offers an undercover delight for pizza enthusiasts. Try the secret pizza topping combination that's a game-changer.","2023-09-19 16:28:37",67
9,0,"Hidden Harbor's Submerged Surprise","Hidden Harbor's Submerged Surprise is a well-kept secret. Dive into the exclusive dish that's making waves among diners.","2023-09-16 11:07:58",88
10,0,"Hush-Hush Hamburger Hideout","Visit the Hush-Hush Hamburger Hideout for a secret burger experience. Sink your teeth into the hidden burger creation that's all the rage.","2023-09-20 13:41:12",29