0,sinigang-recipe.png
0,Cauliflower-Buffalo-Bites-9.png
1,food2.jpeg
2,food1.avif
3,food1.avif
4,food2.jpeg
5,food3.png
6,food3.png
7,food3.png
8,food1.avif
9,food1.avif
10,food2.jpeg
11,food1.avif
12,food1.avif
13,food1.avif
14,food2.jpeg
15,food3.png
16,food1.avif
17,food1.avif
18,food1.avif
19,food1.avif
20,food1.avif
21,food3.png
22,food3.png
23,food1.avif
24,food3.png
25,food2.jpeg
26,food2.jpeg
27,food2.jpeg
28,food1.avif
29,food2.jpeg
30,food1.avif
31,food1.avif
32,food3.png
33,food3.png
34,food1.avif
35,food2.jpeg
36,food1.avif
37,food1.avif
38,food2.jpeg
39,food3.png
40,food3.png
41,food1.avif
42,food1.avif
43,food2.jpeg
44,food3.png
45,food1.avif
46,food3.png
47,food2.jpeg
48,food3.png
49,food3.png
50,food1.avif
51,food3.png
52,food1.avif
53,food2.jpeg
54,food2.jpeg
55,food1.avif
56,food3.png
57,food3.png
58,food3.png
59,food3.png
60,food2.jpeg
61,food3.png
62,food3.png
63,food2.jpeg
64,food1.avif
65,food2.jpeg
66,food3.png
67,food2.jpeg
68,food1.avif
69,food2.jpeg
70,food1.avif
71,food1.avif
72,food1.avif
73,food1.avif
74,food1.avif
75,food3.png
76,food3.png
77,food1.avif
78,food3.png
79,food2.jpeg
80,food3.png
81,food3.png
82,food3.png
83,food3.png
84,food2.jpeg
85,food1.avif
86,food2.jpeg
87,food2.jpeg
88,food2.jpeg
89,food1.avif
90,food1.avif
91,food3.png
92,food3.png
93,food2.jpeg
94,food3.png
95,food1.avif
96,food2.jpeg
97,food1.avif
98,food2.jpeg
99,food1.avif
100,food2.jpeg
101,food3.png
102,food3.png
103,food2.jpeg
104,food1.avif
105,food2.jpeg
106,food2.jpeg
107,food3.png
108,food1.avif
109,food3.png
110,food2.jpeg
111,food2.jpeg
112,food2.jpeg
113,food1.avif
114,food3.png
115,food2.jpeg
116,food2.jpeg
117,food2.jpeg
118,food3.png
119,food2.jpeg
120,food2.jpeg
121,food3.png
122,food2.jpeg
123,food1.avif
124,food2.jpeg
125,food1.avif
126,food3.png
127,food1.avif
128,food1.avif
129,food3.png
130,food3.png
131,food2.jpeg
132,food3.png
133,food2.jpeg
134,food3.png
135,food2.jpeg
136,food2.jpeg
137,food2.jpeg
138,food1.avif
139,food3.png
140,food2.jpeg
141,food3.png
142,food2.jpeg
143,food2.jpeg
144,food2.jpeg
145,food1.avif
146,food2.jpeg
147,food3.png
148,food2.jpeg
149,food2.jpeg
150,food1.avif
151,food2.jpeg
152,food3.png
153,food2.jpeg
154,food1.avif
155,food3.png
156,food3.png
157,food1.avif
158,food2.jpeg
159,food1.avif
160,food3.png
161,food3.png
162,food1.avif
163,food2.jpeg
164,food1.avif
165,food3.png
166,food1.avif
167,food3.png
168,food2.jpeg
169,food2.jpeg
170,food3.png
171,food3.png
172,food3.png
173,food2.jpeg
174,food3.png
175,food1.avif
176,food2.jpeg
177,food2.jpeg
178,food1.avif
179,food3.png
180,food2.jpeg
181,food2.jpeg
182,food2.jpeg
183,food2.jpeg
184,food1.avif
185,food2.jpeg
186,food2.jpeg
187,food2.jpeg
188,food2.jpeg
189,food3.png
190,food1.avif
191,food3.png
192,food2.jpeg
193,food2.jpeg
194,food1.avif
195,food3.png
196,food2.jpeg
197,food1.avif
198,food1.avif
199,food1.avif
200,food1.avif
201,food3.png
202,food1.avif
203,food2.jpeg
204,food2.jpeg
205,food3.png
206,food3.png
207,food2.jpeg
208,food1.avif
209,food2.jpeg
210,food1.avif
211,food3.png
212,food2.jpeg
213,food3.png
214,food1.avif
215,food3.png
216,food3.png
217,food3.png
218,food2.jpeg
219,food1.avif
220,food3.png
221,food3.png
222,food2.jpeg
223,food1.avif
224,food1.avif
225,food2.jpeg
226,food1.avif
227,food3.png
228,food3.png
229,food1.avif
230,food2.jpeg
231,food3.png
232,food1.avif
233,food1.avif
234,food3.png
235,food2.jpeg
236,food3.png
237,food2.jpeg
238,food3.png
239,food2.jpeg
240,food2.jpeg
241,food3.png
242,food1.avif
243,food3.png
244,food1.avif
245,food1.avif
246,food2.jpeg
247,food2.jpeg
248,food3.png
249,food2.jpeg
250,food3.png
251,food2.jpeg
252,food1.avif
253,food1.avif
254,food1.avif
255,food3.png
256,food3.png
257,food2.jpeg
258,food2.jpeg
259,food3.png
260,food1.avif
261,food1.avif
262,food2.jpeg
263,food1.avif
264,food1.avif
265,food2.jpeg
266,food2.jpeg
267,food1.avif
268,food3.png
269,food1.avif
270,food1.avif
271,food3.png
272,food1.avif
273,food1.avif
274,food3.png
275,food3.png
276,food1.avif
277,food3.png
278,food1.avif
279,food1.avif
280,food1.avif
281,food1.avif
282,food1.avif
283,food2.jpeg
284,food1.avif
285,food1.avif
286,food2.jpeg
287,food1.avif
288,food2.jpeg
289,food2.jpeg
290,food1.avif
291,food1.avif
292,food2.jpeg
293,food2.jpeg
294,food1.avif
295,food3.png
296,food1.avif
297,food3.png
298,food3.png
299,food3.png
300,food2.jpeg
301,food2.jpeg
302,food2.jpeg
303,food1.avif
304,food3.png
305,food3.png
306,food2.jpeg
307,food1.avif
308,food2.jpeg
309,food1.avif
310,food1.avif
311,food1.avif
312,food2.jpeg
313,food1.avif
314,food3.png
315,food3.png
316,food3.png
317,food1.avif
318,food1.avif
319,food3.png
320,food3.png
321,food1.avif
322,food2.jpeg
323,food2.jpeg
324,food3.png
325,food1.avif
326,food3.png
327,food1.avif
328,food1.avif
329,food1.avif
330,food2.jpeg
331,food2.jpeg
332,food3.png
333,food1.avif
334,food2.jpeg
335,food2.jpeg
336,food3.png
337,food2.jpeg
338,food3.png
339,food1.avif
340,food2.jpeg
341,food2.jpeg
342,food3.png
343,food1.avif
344,food1.avif
345,food2.jpeg
346,food1.avif
347,food2.jpeg
348,food2.jpeg
349,food2.jpeg
350,food3.png
351,food3.png
352,food1.avif
353,food2.jpeg
354,food1.avif
355,food1.avif
356,food3.png
357,food2.jpeg
358,food3.png
359,food1.avif
360,food1.avif
361,food2.jpeg
362,food1.avif
363,food2.jpeg
364,food2.jpeg
365,food2.jpeg
366,food2.jpeg
367,food2.jpeg
368,food3.png
369,food3.png
370,food1.avif
371,food2.jpeg
372,food2.jpeg
373,food3.png
374,food2.jpeg
375,food3.png
376,food2.jpeg
377,food2.jpeg
378,food2.jpeg
379,food3.png
380,food3.png
381,food1.avif
382,food3.png
383,food1.avif
384,food1.avif
385,food2.jpeg
386,food1.avif
387,food1.avif
388,food2.jpeg
389,food1.avif
390,food2.jpeg
391,food3.png
392,food3.png
393,food3.png
394,food1.avif
395,food2.jpeg
396,food3.png
397,food2.jpeg
398,food2.jpeg
399,food1.avif
400,food2.jpeg
401,food1.avif
402,food2.jpeg
403,food2.jpeg
404,food2.jpeg
405,food2.jpeg
406,food3.png
407,food3.png
408,food2.jpeg
409,food1.avif
410,food3.png
411,food3.png
412,food1.avif
413,food2.jpeg
414,food3.png
415,food1.avif
416,food2.jpeg
417,food3.png
418,food3.png
419,food2.jpeg
420,food3.png
421,food3.png
422,food1.avif
423,food2.jpeg
424,food3.png
425,food1.avif
426,food2.jpeg
427,food2.jpeg
428,food3.png
429,food3.png
430,food2.jpeg
431,food1.avif
432,food1.avif
433,food3.png
434,food3.png
435,food2.jpeg
436,food3.png
437,food3.png
438,food1.avif
439,food3.png
440,food3.png
441,food3.png
442,food2.jpeg
443,food1.avif
444,food3.png
445,food3.png
446,food2.jpeg
447,food2.jpeg
448,food1.avif
449,food2.jpeg
450,food2.jpeg
451,food3.png
452,food1.avif
453,food1.avif
454,food1.avif
455,food2.jpeg
456,food3.png
457,food3.png
458,food3.png
459,food1.avif
460,food1.avif
461,food2.jpeg
462,food3.png
463,food3.png
464,food3.png
465,food3.png
466,food1.avif
467,food1.avif
468,food3.png
469,food3.png
470,food2.jpeg
471,food3.png
472,food3.png
473,food3.png
474,food3.png
475,food2.jpeg
476,food2.jpeg
477,food2.jpeg
478,food1.avif
479,food1.avif
480,food2.jpeg
481,food3.png
482,food3.png
483,food3.png
484,food3.png
485,food1.avif
486,food3.png
487,food3.png
488,food1.avif
489,food3.png
490,food3.png
491,food1.avif
492,food1.avif
493,food2.jpeg
494,food1.avif
495,food1.avif
496,food1.avif
497,food1.avif
498,food1.avif
499,food3.png
500,food3.png
501,food1.avif
502,food3.png
503,food1.avif
504,food2.jpeg
505,food1.avif
506,food2.jpeg
507,food2.jpeg
508,food2.jpeg
509,food2.jpeg
510,food2.jpeg
511,food1.avif
512,food1.avif
513,food1.avif
514,food3.png
515,food1.avif
516,food1.avif
517,food1.avif
518,food1.avif
519,food3.png
520,food3.png
521,food2.jpeg
522,food2.jpeg
523,food2.jpeg
524,food1.avif
525,food1.avif
526,food1.avif
527,food1.avif
528,food1.avif
529,food1.avif
530,food3.png
531,food2.jpeg
532,food3.png
533,food3.png
534,food3.png
535,food2.jpeg
536,food1.avif
537,food2.jpeg
538,food3.png
539,food3.png
540,food2.jpeg
541,food2.jpeg
542,food2.jpeg
543,food3.png
544,food1.avif
545,food1.avif
546,food2.jpeg
547,food3.png
548,food2.jpeg
549,food3.png
550,food1.avif
551,food2.jpeg
552,food1.avif
553,food2.jpeg
554,food2.jpeg
555,food1.avif
556,food2.jpeg
557,food1.avif
558,food3.png
559,food1.avif
560,food3.png
561,food3.png
562,food3.png
563,food3.png
564,food2.jpeg
565,food3.png
566,food1.avif
567,food3.png
568,food3.png
569,food1.avif
570,food3.png
571,food3.png
572,food1.avif
573,food1.avif
574,food3.png
575,food3.png
576,food1.avif
577,food3.png
578,food1.avif
579,food2.jpeg
580,food3.png
581,food3.png
582,food1.avif
583,food3.png
584,food1.avif
585,food2.jpeg
586,food3.png
587,food1.avif
588,food3.png
589,food3.png
590,food3.png
591,food1.avif
592,food2.jpeg
593,food1.avif
594,food3.png
595,food3.png
596,food3.png
597,food3.png
598,food3.png
599,food3.png
600,food1.avif
601,food2.jpeg
602,food3.png
603,food1.avif
604,food1.avif
605,food3.png
606,food1.avif
607,food3.png
608,food3.png
609,food2.jpeg
610,food2.jpeg
611,food3.png
612,food2.jpeg
613,food3.png
614,food3.png
615,food2.jpeg
616,food2.jpeg
617,food3.png
618,food2.jpeg
619,food1.avif
620,food3.png
621,food1.avif
622,food1.avif
623,food2.jpeg
624,food3.png
625,food1.avif
626,food3.png
627,food1.avif
628,food3.png
629,food3.png
630,food2.jpeg
631,food2.jpeg
632,food1.avif
633,food1.avif
634,food3.png
635,food2.jpeg
636,food3.png
637,food3.png
638,food3.png
639,food2.jpeg
640,food3.png
641,food3.png
642,food2.jpeg
643,food2.jpeg
644,food2.jpeg
645,food2.jpeg
646,food2.jpeg
647,food3.png
648,food2.jpeg
649,food1.avif
650,food3.png
651,food1.avif
652,food3.png
653,food2.jpeg
654,food2.jpeg
655,food2.jpeg
656,food3.png
657,food1.avif
658,food1.avif
659,food1.avif
660,food2.jpeg
661,food3.png
662,food3.png
663,food3.png
664,food1.avif
665,food2.jpeg
666,food3.png
667,food3.png
668,food3.png
669,food2.jpeg
670,food3.png
671,food3.png
672,food2.jpeg
673,food2.jpeg
674,food2.jpeg
675,food1.avif
676,food3.png
677,food1.avif
678,food1.avif
679,food3.png
680,food3.png
681,food3.png
682,food2.jpeg
683,food2.jpeg
684,food2.jpeg
685,food1.avif
686,food2.jpeg
687,food1.avif
688,food2.jpeg
689,food2.jpeg
690,food1.avif
691,food3.png
692,food1.avif
693,food2.jpeg
694,food2.jpeg
695,food2.jpeg
696,food2.jpeg
697,food1.avif
698,food2.jpeg
699,food2.jpeg
700,food2.jpeg
701,food2.jpeg
702,food3.png
703,food1.avif
704,food1.avif
705,food3.png
706,food1.avif
707,food1.avif
708,food1.avif
709,food1.avif
710,food2.jpeg
711,food2.jpeg
712,food3.png
713,food2.jpeg
714,food1.avif
715,food2.jpeg
716,food2.jpeg
717,food3.png
718,food2.jpeg
719,food3.png
720,food3.png
721,food3.png
722,food3.png
723,food3.png
724,food1.avif
725,food2.jpeg
726,food1.avif
727,food1.avif
728,food3.png
729,food3.png
730,food1.avif
731,food3.png
732,food1.avif
733,food3.png
734,food3.png
735,food2.jpeg
736,food1.avif
737,food1.avif
738,food3.png
739,food3.png
740,food1.avif
741,food3.png
742,food1.avif
743,food1.avif
744,food3.png
745,food1.avif
746,food3.png
747,food2.jpeg
748,food1.avif
749,food3.png
750,food3.png
751,food3.png
752,food1.avif
753,food1.avif
754,food3.png
755,food1.avif
756,food3.png
757,food1.avif
758,food2.jpeg
759,food2.jpeg
760,food1.avif
761,food3.png
762,food2.jpeg
763,food3.png
764,food3.png
765,food3.png
766,food2.jpeg
767,food3.png
768,food1.avif
769,food3.png
770,food1.avif
771,food2.jpeg
772,food2.jpeg
773,food3.png
774,food2.jpeg
775,food3.png
776,food1.avif
777,food2.jpeg
778,food3.png
779,food1.avif
780,food2.jpeg
781,food3.png
782,food2.jpeg
783,food1.avif
784,food3.png
785,food1.avif
786,food1.avif
787,food3.png
788,food2.jpeg
789,food3.png
790,food2.jpeg
791,food3.png
792,food2.jpeg
793,food2.jpeg
794,food1.avif
795,food1.avif
796,food3.png
797,food3.png
798,food3.png
799,food2.jpeg
800,food2.jpeg
801,food2.jpeg
802,food1.avif
803,food3.png
804,food1.avif
805,food3.png
806,food2.jpeg
807,food1.avif
808,food3.png
809,food2.jpeg
810,food2.jpeg
811,food1.avif
812,food3.png
813,food2.jpeg
814,food1.avif
815,food3.png
816,food2.jpeg
817,food1.avif
818,food3.png
819,food1.avif
820,food1.avif
821,food3.png
822,food1.avif
823,food3.png
824,food2.jpeg
825,food3.png
826,food1.avif
827,food3.png
828,food2.jpeg
829,food1.avif
830,food2.jpeg
831,food2.jpeg
832,food2.jpeg
833,food3.png
834,food3.png
835,food3.png
836,food3.png
837,food1.avif
838,food1.avif
839,food3.png
840,food2.jpeg
841,food2.jpeg
842,food1.avif
843,food3.png
844,food3.png
845,food1.avif
846,food3.png
847,food1.avif
848,food1.avif
849,food1.avif
850,food3.png
851,food3.png
852,food2.jpeg
853,food1.avif
854,food3.png
855,food2.jpeg
856,food3.png
857,food3.png
858,food1.avif
859,food3.png
860,food1.avif
861,food3.png
862,food2.jpeg
863,food3.png
864,food3.png
865,food3.png
866,food2.jpeg
867,food2.jpeg
868,food3.png
869,food2.jpeg
870,food3.png
871,food1.avif
872,food1.avif
873,food1.avif
874,food3.png
875,food3.png
876,food1.avif
877,food3.png
878,food3.png
879,food1.avif
880,food2.jpeg
881,food3.png
882,food1.avif
883,food2.jpeg
884,food2.jpeg
885,food1.avif
886,food3.png
887,food3.png
888,food1.avif
889,food2.jpeg
890,food3.png
891,food1.avif
892,food2.jpeg
893,food3.png
894,food3.png
895,food1.avif
896,food2.jpeg
897,food1.avif
898,food2.jpeg
899,food3.png
900,food1.avif
901,food3.png
902,food1.avif
903,food3.png
904,food2.jpeg
905,food3.png
906,food3.png
907,food3.png
908,food2.jpeg
909,food1.avif
910,food3.png
911,food3.png
912,food2.jpeg
913,food3.png
914,food3.png
915,food3.png
916,food1.avif
917,food1.avif
918,food2.jpeg
919,food3.png
920,food2.jpeg
921,food3.png
922,food3.png
923,food2.jpeg
924,food2.jpeg
925,food3.png
926,food2.jpeg
927,food1.avif
928,food1.avif
929,food1.avif
930,food2.jpeg
931,food1.avif
932,food3.png
933,food1.avif
934,food1.avif
935,food1.avif
936,food2.jpeg
937,food1.avif
938,food1.avif
939,food2.jpeg
940,food3.png
941,food2.jpeg
942,food1.avif
943,food2.jpeg
944,food1.avif
945,food3.png
946,food2.jpeg
947,food2.jpeg
948,food2.jpeg
949,food2.jpeg
950,food2.jpeg
951,food2.jpeg
952,food2.jpeg
953,food2.jpeg
954,food1.avif
955,food1.avif
956,food1.avif
957,food2.jpeg
958,food3.png
959,food3.png
960,food2.jpeg
961,food1.avif
962,food1.avif
963,food3.png
964,food2.jpeg
965,food3.png
966,food2.jpeg
967,food1.avif
968,food1.avif
969,food3.png
970,food2.jpeg
971,food2.jpeg
972,food2.jpeg
973,food1.avif
974,food3.png
975,food1.avif
976,food3.png
977,food2.jpeg
978,food1.avif
979,food1.avif
980,food2.jpeg
981,food3.png
982,food3.png
983,food2.jpeg
984,food3.png
985,food1.avif
986,food2.jpeg
987,food1.avif
988,food3.png
989,food2.jpeg
990,food1.avif
991,food1.avif
992,food1.avif
993,food2.jpeg
994,food1.avif
995,food2.jpeg
996,food3.png
997,food2.jpeg
998,food2.jpeg
999,food2.jpeg